"(41.767819, -87.59221)",365670.97823432705
"(41.780139027, -87.586451446)",552807.385631524
"(41.780155491, -87.586451255)",6415795.893747812
"(41.780211432, -87.597244425)",2723717.372316936
"(41.780226662, -87.596195666)",4072895.5235673366
"(41.780243493, -87.615319321)",7704835.162192639
"(41.780245963, -87.615275297)",562946.2827507806
"(41.78024763, -87.615102958)",894666.4353575457
"(41.780247905, -87.615146952)",2846243.6457981756
"(41.780249847, -87.615018607)",178266.99084296427
"(41.780253982, -87.614802244)",3448100.7030594926
"(41.780266111, -87.614109162)",903259.9699813435
"(41.780267983, -87.613969818)",1043473.5473114466
"(41.780268304, -87.614021144)",267454.83531964314
"(41.780270268, -87.613896465)",135431.06086435754
"(41.780272461, -87.613808447)",36425.003027344
"(41.78027618, -87.613526094)",21025.340658503854
"(41.780290195, -87.612697335)",4393.098399987862
"(41.780310708, -87.611593523)",14428.421707444917
"(41.780311146, -87.611663179)",1157247.146638818
"(41.780330704, -87.610409055)",63044.78951871957
"(41.780369412, -87.588967581)",399367.1061826237
"(41.780382249, -87.607702681)",307055.41485204955
"(41.780396221, -87.606873919)",1289274.041477046
"(41.780397806, -87.606690581)",24789.23817138689
"(41.780415378, -87.605564801)",2397375.1567706154
"(41.780415657, -87.605608794)",6508988.506398645
"(41.78041724, -87.605425457)",962612.5735401262
"(41.780417542, -87.605473116)",424573.5023378539
"(41.78041782, -87.60551711)",1187873.590710534
"(41.780419124, -87.605289779)",795128.9104624722
"(41.780419705, -87.605381432)",68134.24860749333
"(41.780430614, -87.604505041)",897350.0505702428
"(41.780439401, -87.603727666)",3449181.9873175044
"(41.780439634, -87.603764327)",105751.89634832175
"(41.780449598, -87.602741291)",168880.8789517574
"(41.780454612, -87.602235272)",2345976.8673702697
"(41.780508592, -87.577083186)",41774.88526867214
"(41.780516326, -87.596859633)",314191.64475957444
"(41.780521805, -87.577006036)",598483.7801635824
"(41.780525476, -87.595719279)",3679.962074464933
"(41.780526088, -87.595814598)",568896.1087107065
"(41.780542336, -87.594072873)",6.927822679802048
"(41.780573976, -87.590893741)",5417.013415642737
"(41.780580821, -87.589830406)",187125.90115371146
"(41.780584898, -87.588341801)",422782.23076462845
"(41.780600071, -87.587296701)",8786.196799975723
"(41.780607832, -87.586801647)",31870.78980900108
"(41.780617401, -87.584477038)",651500.0024333262
"(41.780651266, -87.585462906)",77723.50029099717
"(41.780682383, -87.575970224)",1145302.9505367775
"(41.780691486, -87.584054539)",3155.4228390847143
"(41.78086508, -87.605941023)",257027.60336554772
"(41.780868518, -87.584268797)",32498.759719348756
"(41.780890482, -87.604320179)",578749.7341233342
"(41.781107893, -87.614433401)",496148.7317647254
"(41.781115227, -87.591415464)",8347.740055497014
"(41.78116343, -87.613222857)",436464.3942835729
"(41.781184781, -87.602696281)",303848.23373443127
"(41.781196223, -87.608401126)",170239.90591902292
"(41.781201269, -87.60269976)",376389.0642315084
"(41.781238369, -87.60595147)",932379.5267381035
"(41.781270337, -87.608403957)",198091.41347908095
"(41.781275961, -87.613225264)",127252.5657992861
"(41.781282956, -87.604326733)",585785.7682483001
"(41.781295192, -87.613228715)",384192.08275828115
"(41.78131246, -87.605950633)",3524646.8170233206
"(41.781321801, -87.609602305)",108412.6382952289
"(41.781325219, -87.608403339)",923150.7794802473
"(41.781334436, -87.612047681)",651810.2372034956
"(41.78134101, -87.609602089)",1090395.9193406776
"(41.781347856, -87.607207823)",360755.0868683121
"(41.781367365, -87.605953679)",20392.962133723584
"(41.781376158, -87.610826287)",1029713.8608841677
"(41.78138577, -87.613231368)",875981.21014176
"(41.781395487, -87.604329125)",349982.60887488443
"(41.781399332, -87.608406171)",130123.51849800225
"(41.781407045, -87.614437392)",633939.4605630832
"(41.781424188, -87.613230939)",303510.0872819775
"(41.781433905, -87.604328689)",437406.5209132931
"(41.781454237, -87.608409219)",1255319.4084097468
"(41.781462605, -87.613230509)",1923456.2907349532
"(41.78147907, -87.613230324)",2775597.4889219254
"(41.781499104, -87.605955856)",4322129.669946505
"(41.781500367, -87.614440016)",1277678.3549341129
"(41.781508446, -87.609607539)",462106.35581927083
"(41.781528568, -87.601090138)",78164.53349845599
"(41.781534778, -87.605955453)",4338607.811091444
"(41.781536064, -87.614443284)",923178.8915540967
"(41.781552361, -87.596228147)",327766.57016381435
"(41.781582109, -87.604330677)",1180310.0401040777
"(41.781582768, -87.602706429)",930791.7671129386
"(41.781586235, -87.594665848)",308819.0037619222
"(41.781592427, -87.605958468)",125705.1135060766
"(41.781602442, -87.608411216)",843042.2474085793
"(41.78162165, -87.608411)",506317.1723261539
"(41.781627992, -87.599468431)",78437.15190911613
"(41.781628629, -87.597851515)",424945.65810164495
"(41.781629386, -87.614445908)",2255576.596669893
"(41.781639155, -87.59308133)",81666.69099992815
"(41.781650099, -87.612058809)",435976.12592147914
"(41.78165665, -87.609609539)",495017.7790259309
"(41.781659628, -87.586492464)",48460.40591887978
"(41.781660349, -87.594668664)",199464.69687483629
"(41.781663022, -87.587860014)",516755.2540521322
"(41.78166509, -87.602705494)",1178994.9847716724
"(41.781669308, -87.612058594)",4034390.5133487983
"(41.781679299, -87.608414017)",823468.6005025248
"(41.781679558, -87.594668443)",20799.442109882708
"(41.781684101, -87.596230304)",308360.36472409946
"(41.78169509, -87.609612773)",346984.8655701813
"(41.781695764, -87.608413831)",1430204.4480629433
"(41.781711555, -87.609612588)",516820.4958202614
"(41.781731648, -87.587862886)",5103621.648129015
"(41.781734181, -87.608413399)",1850346.2336834748
"(41.781740631, -87.605960459)",8471.868316404541
"(41.781753672, -87.594671259)",2338651.353315808
"(41.781756818, -87.607217875)",671633.4288628551
"(41.781776219, -87.599474074)",1918390.0484403668
"(41.781776304, -87.605960056)",777098.2499804618
"(41.781776856, -87.597857154)",455644.09999997145
"(41.781807171, -87.604335461)",1266458.2594389436
"(41.781811321, -87.594674264)",2152684.660111572
"(41.78181312, -87.59623616)",398860.8025796693
"(41.781822256, -87.601097796)",550248.4425996969
"(41.7818258, -87.593086516)",78376.26150068663
"(41.781850333, -87.599476895)",759604.2667372045
"(41.781850947, -87.597856307)",159181.440534805
"(41.781868226, -87.586497376)",530588.4269290766
"(41.781874364, -87.587864899)",432706.42263554415
"(41.781885411, -87.594673414)",1743963.275669229
"(41.781899869, -87.591380753)",714205.8439333315
"(41.781901899, -87.594676891)",1758898.3158806593
"(41.781939572, -87.586496548)",132330.00139415273
"(41.781986245, -87.586499673)",385426.72381834104
"(41.782028888, -87.591386599)",179412.1427555157
"(41.782076986, -87.615368529)",796591.7116331025
"(41.782081122, -87.615152161)",951074.4566311142
"(41.782081397, -87.615196155)",723678.5822354022
"(41.782083041, -87.615020146)",590070.2257926274
"(41.78208563, -87.614118161)",264669.8792297292
"(41.782085705, -87.587869784)",2597.589976528422
"(41.782087479, -87.613975147)",2645.626697423909
"(41.782087594, -87.613993478)",1158141.3796844748
"(41.78208803, -87.614063137)",722202.5552214741
"(41.78210152, -87.586502002)",19171703.938066408
"(41.782110197, -87.612783284)",608209.1836019012
"(41.782127699, -87.591389126)",292708.896040005
"(41.782131103, -87.611741767)",89889.47260089072
"(41.782132949, -87.611598753)",534524.4894237625
"(41.782133064, -87.611617084)",45819.016071689795
"(41.782157279, -87.610230879)",2491899.4286263925
"(41.782160628, -87.591388746)",1393156.5994238458
"(41.782175371, -87.609182059)",622511.5876422529
"(41.782177445, -87.609075708)",3081.678743121202
"(41.78221751, -87.6067287)",3961.569478188952
"(41.782217974, -87.606802025)",341277.9714419119
"(41.782250374, -87.587871544)",1098333.371980278
"(41.782266947, -87.602409009)",29064.62084055101
"(41.782293032, -87.600472801)",585527.6352850613
"(41.782293547, -87.600553458)",411548.4513882985
"(41.782313196, -87.59890331)",791776.0446770132
"(41.782316106, -87.598499962)",1013944.8482334481
"(41.782318, -87.601122)",39633.10022068837
"(41.782337559, -87.586506596)",1218033.2369449907
"(41.782364337, -87.594040945)",734011.2007433955
"(41.782378523, -87.592409189)",553257.6368509782
"(41.782395857, -87.590843392)",186507.17788272563
"(41.782396663, -87.590968044)",222787.92761055107
"(41.782900776, -87.587449692)",600816.16621736
"(41.782902877, -87.587350671)",48902.32657469839
"(41.782916642, -87.614475527)",198070.14334581204
"(41.782951712, -87.604362828)",8849378.628697617
"(41.782990756, -87.614478366)",580421.944479513
"(41.782992238, -87.612087766)",677961.7658619229
"(41.783018694, -87.608442929)",597431.3522909479
"(41.783041644, -87.591404255)",264214.67547587986
"(41.783045661, -87.614481419)",302523.7599984656
"(41.783055364, -87.591404097)",29647.588530846417
"(41.783062757, -87.613267603)",508433.593527467
"(41.783108575, -87.609640876)",98403.59491016879
"(41.783112016, -87.608445544)",1485262.660381242
"(41.783131886, -87.607246359)",681721.8559350686
"(41.783134823, -87.59950258)",1584092.5167777836
"(41.78314098, -87.610865139)",65061.75924900112
"(41.783148351, -87.607246174)",332151.4238822659
"(41.783175288, -87.61327001)",655819.2708552512
"(41.783178859, -87.612089341)",1630315.6653815843
"(41.783186768, -87.60724574)",1001444.3078919065
"(41.78320366, -87.593121999)",1274265.3430517516
"(41.783232282, -87.614483001)",1149788.62983985
"(41.783251514, -87.614486453)",983953.2446400265
"(41.783284537, -87.590770808)",171357.69006925245
"(41.783284821, -87.590814803)",4271615.279112529
"(41.783285879, -87.605994327)",2383468.3543071733
"(41.783287819, -87.613272418)",157261.74659570516
"(41.783298944, -87.594708522)",1927044.931510457
"(41.783306396, -87.61448584)",1261467.2212360094
"(41.783316167, -87.593120705)",2015515.6890850437
"(41.783325604, -87.614485626)",380733.3529717067
"(41.783334618, -87.594708112)",3964360.5319079193
"(41.7833354, -87.593124151)",45665.487505442776
"(41.783340761, -87.605993706)",4611966.067410004
"(41.783346295, -87.612094798)",164064.00964627744
"(41.783358369, -87.596269793)",662559.0976196058
"(41.783370007, -87.608449971)",572206.8922674907
"(41.783373413, -87.607250968)",1183200.373529877
"(41.783375077, -87.602752079)",760673.0980908123
"(41.783379201, -87.605996939)",4204.844838242499
"(41.783391542, -87.602751893)",870237.3867107757
"(41.783392267, -87.594711117)",1458960.752166877
"(41.783395558, -87.59950694)",485856.7354897183
"(41.783404984, -87.609644876)",27258.978329369867
"(41.783419559, -87.61327461)",523500.0619782484
"(41.783420409, -87.612097634)",146549.21430761422
"(41.783424215, -87.609648327)",1497885.2391859407
"(41.783436023, -87.613274426)",4195761.804279849
"(41.783448947, -87.596272423)",1813479.3958824116
"(41.783451101, -87.597893019)",256274.0165712373
"(41.783455232, -87.613274211)",2817154.5199319473
"(41.783457367, -87.614491487)",2295993.313792293
"(41.783468156, -87.596272203)",1245163.6497716538
"(41.783474441, -87.613273996)",3843856.3238281887
"(41.783490352, -87.602754437)",1486793.0793914164
"(41.783497266, -87.612100439)",937611.6359938749
"(41.783501988, -87.601133683)",1486013.1554199762
"(41.783522021, -87.593125671)",11295260.710857587
"(41.783527321, -87.599512771)",92926.57853445633
"(41.783536746, -87.609650728)",567219.3179758963
"(41.783540187, -87.608455387)",1501025.9189313059
"(41.783544423, -87.597895619)",335175.9337745956
"(41.783576522, -87.607256009)",1384495.4183331372
"(41.783582287, -87.60599831)",205306.42589906394
"(41.783595376, -87.594716119)",116164.270699232
"(41.783601519, -87.606001759)",2143212.723375762
"(41.783605585, -87.586532213)",1514490.772111563
"(41.783614585, -87.594715899)",551749.3181676996
"(41.783637746, -87.597898219)",1318975.3063199779
"(41.783653002, -87.594715458)",243265.05420162427
"(41.78366949, -87.594718935)",275169.366656733
"(41.783673419, -87.597897812)",413623.10526196763
"(41.783674009, -87.596277178)",3714037.4577638987
"(41.783675526, -87.599514748)",79690.83016786228
"(41.783728429, -87.60437603)",331711.4785147321
"(41.78381682, -87.588634381)",529883.5066577236
"(41.783816963, -87.588656379)",210525.05166523962
"(41.783890879, -87.615355627)",668688.3599124117
"(41.783891154, -87.615399623)",4723510.19606597
"(41.783893051, -87.615263938)",284852.0866916813
"(41.783974844, -87.591426496)",566137.8905810525
"(41.783977858, -87.610408419)",677735.5524122708
"(41.783979772, -87.6102764)",591319.438182208
"(41.783996044, -87.609374235)",33700.851463760184
"(41.784015947, -87.6081787)",575460.9077566136
"(41.784018136, -87.608090677)",529676.1300151926
"(41.784021864, -87.607811974)",24460.223848829184
"(41.784040514, -87.606854782)",75853.15993164931
"(41.784040653, -87.60687678)",85099.57027460229
"(41.784065112, -87.605538195)",1330861.2743586684
"(41.78406553, -87.605604189)",80446.56401465606
"(41.784140383, -87.598823792)",309342.39790264465
"(41.784153537, -87.597448666)",147254.59261683046
"(41.784203362, -87.592391846)",357127.0834639458
"(41.784738437, -87.58813972)",310476.81455277896
"(41.784750399, -87.613252386)",182843.73379869983
"(41.784754925, -87.588143196)",5414216.808214679
"(41.784847245, -87.612066976)",547125.5404488943
"(41.784851559, -87.609698275)",63108.45678169429
"(41.784859224, -87.588145655)",516027.46051498916
"(41.784859393, -87.614442826)",2382642.1112568243
"(41.784882138, -87.613254579)",714862.1263090937
"(41.784917834, -87.613257846)",3330126.4384893803
"(41.784957032, -87.612069412)",525512.6803488302
"(41.78497546, -87.613257201)",1093633.4454667277
"(41.784991132, -87.614445021)",443164.45763593493
"(41.785011157, -87.613260468)",129588.35850967077
"(41.785030365, -87.613260253)",327648.9975698228
"(41.785049304, -87.586566792)",765203.9227507693
"(41.785049368, -87.602795405)",17639.839675296957
"(41.785054051, -87.610913328)",140338.5644120039
"(41.785065246, -87.61444786)",1760.697545861757
"(41.785067165, -87.606032861)",13751.470373109054
"(41.785085247, -87.613259639)",993395.237150535
"(41.785088772, -87.612071602)",798251.2973206791
"(41.785100919, -87.614447461)",40888.467494054814
"(41.785104456, -87.613259424)",1379901.2413112365
"(41.785105582, -87.606032426)",6837.732357598175
"(41.785122047, -87.60603224)",2556950.538495077
"(41.785128164, -87.610916163)",256507.55862669947
"(41.78513936, -87.614450699)",20337.79719858317
"(41.785167199, -87.609705726)",300606.1558571163
"(41.785187197, -87.608524835)",8793779.817191362
"(41.785260521, -87.609708343)",483.0868087671882
"(41.785268355, -87.614452924)",6827202.324771174
"(41.785318937, -87.608527018)",5084.449299645793
"(41.785334017, -87.610921185)",405509.8233376589
"(41.785373819, -87.6085264)",563255.2579168266
"(41.785400641, -87.586577382)",322038.2913928101
"(41.785438415, -87.60442266)",912735.4278832267
"(41.785734451, -87.61394538)",78242.08503415674
"(41.785758923, -87.612595762)",1220094.6363479956
"(41.785772677, -87.611726601)",161993.82164177377
"(41.785775098, -87.61167524)",669780.2649233746
"(41.785847785, -87.607531052)",3007287.6114212885
"(41.785848109, -87.607582382)",6558663.342456875
"(41.786073181, -87.593818668)",124183.7407436989
"(41.786099304, -87.591060999)",50523.49433650496
"(41.786449016, -87.610178987)",312130.016337638
"(41.786758331, -87.612236227)",4488.771058648599
"(41.786768962, -87.612181106)",42272.65791642584
"(41.786823058, -87.601209564)",21304.48610871357
"(41.787018775, -87.614822047)",28699.736427837142
"(41.787341133, -87.586620865)",398571.52304173785
"(41.787398367, -87.577746575)",618204.5431058002
"(41.787553774, -87.606078091)",1002562.6932168317
"(41.787605309, -87.601229998)",177981.26109847214
"(41.787795053, -87.585104871)",115997.45903495431
"(41.788518604, -87.586647536)",8224.52787031574
"(41.788519879, -87.606096507)",39396.38052755084
"(41.788669552, -87.586649451)",119434.80417879394
"(41.788699253, -87.604954085)",6982768.128923917
"(41.788750145, -87.590190707)",105007.35580180818
"(41.789057836, -87.606108761)",3588950.781255144
"(41.789065687, -87.607784439)",1356519.7252574388
"(41.789072518, -87.60496086)",1406452.0644768449
"(41.789114006, -87.596405544)",463184.6342038057
"(41.789528618, -87.604614674)",69846.30825776423
"(41.789631828, -87.595845909)",156254.12055155775
"(41.789642254, -87.578438941)",52546.33267690782
"(41.790469864, -87.596434018)",168612.611900797
"(41.790524769, -87.596437056)",290865.09324935207
"(41.790628946, -87.603729472)",1737512.4707965078
"(41.790649083, -87.601287039)",237667.28759424487
"(41.790747656, -87.594821032)",107266.16952382098
"(41.790773422, -87.591579126)",508973.9064417586
"(41.790857624, -87.607771565)",3078621.8843047884
"(41.790872026, -87.606143261)",3939402.4495292376
"(41.790894592, -87.604940233)",3624013.5796775473
"(41.790919372, -87.59806068)",175384.52994293708
"(41.791025425, -87.593208033)",19438.525736431846
"(41.791036924, -87.591587089)",268674.5042670521
"(41.791160785, -87.579836586)",8396501.649938263
"(41.791415136, -87.599199124)",302113.07179943897
"(41.791437038, -87.597475375)",236022.7026466859
"(41.791470474, -87.594134337)",551138.7250687844
"(41.791471566, -87.593877633)",594945.2659067246
"(41.791472109, -87.593961968)",559867.8675274344
"(41.791512662, -87.608072208)",7781.004081976182
"(41.791604141, -87.585951662)",80935.40492407879
"(41.792370993, -87.607538141)",1197680.381751657
"(41.792394753, -87.58388525)",37287.08754048268
"(41.792436481, -87.606176917)",88129.54799392301
"(41.792532778, -87.591621182)",167541.71937680512
"(41.792545897, -87.613528182)",100441.6630095206
"(41.792553685, -87.594866308)",2940206.449115858
"(41.792697215, -87.606181304)",3967682.22249132
"(41.792714246, -87.604970971)",99905.15753496619
"(41.79296531, -87.610395447)",183820.78581548342
"(41.793214399, -87.582067812)",31321.659665844203
"(41.793294878, -87.59447642)",195312.03972562382
"(41.793315456, -87.592558277)",166125.7239503132
"(41.793333193, -87.59105455)",116118.20926662126
"(41.793349, -87.594895)",184401.57782592895
"(41.793362846, -87.587159718)",53759.961249996784
"(41.793393706, -87.585996881)",94616.99589569448
"(41.793405371, -87.584837932)",75724.05050898028
"(41.793450494, -87.58166167)",98142.71371975123
"(41.793507, -87.595119)",270865.7287768871
"(41.793528842, -87.613168806)",1449996.1209918463
"(41.79417522, -87.596523594)",307609.18262857053
"(41.794178533, -87.594902665)",594114.7001240422
"(41.794236949, -87.606211574)",536696.333206514
"(41.794238702, -87.614338024)",202860.50370996355
"(41.794324016, -87.594908329)",261482.937660188
"(41.794332498, -87.583928685)",393009.5406424153
"(41.794343225, -87.594908109)",270865.7287768871
"(41.794372762, -87.580433389)",2353340.140921074
"(41.794406612, -87.583931489)",2539319.3729118123
"(41.794407891, -87.585391014)",99852.82670910389
"(41.794424835, -87.582519409)",5459769.246250031
"(41.794428897, -87.590319472)",1170195.3331094675
"(41.794442285, -87.583931073)",99987.46121349688
"(41.794481981, -87.585390153)",768420.5222719479
"(41.794511404, -87.606215806)",2994022.806277753
"(41.794517678, -87.585393405)",325990.7001137365
"(41.794528726, -87.607653151)",10434.675069371266
"(41.794534621, -87.582521795)",332347.4640876845
"(41.79453743, -87.580435129)",113409.7454998496
"(41.794550637, -87.598151197)",3693.846347190983
"(41.794571243, -87.601378095)",434802.03174145136
"(41.794664627, -87.583939485)",94540.84710094957
"(41.794727026, -87.587624299)",2254388.732726605
"(41.794744605, -87.607507695)",1221969.4425765087
"(41.794786752, -87.59133849)",461421.4174496967
"(41.794792636, -87.582529785)",1025370.5168470619
"(41.794796582, -87.579361271)",1643591.8069622326
"(41.794828373, -87.580442725)",4878556.499399827
"(41.794957321, -87.588435752)",143953.22746360675
"(41.795041546, -87.59895971)",96760.49858566496
"(41.795074351, -87.595941208)",127790.98930739233
"(41.795186149, -87.587329266)",34262.262747122164
"(41.795190552, -87.588007653)",13188791.26956931
"(41.795191528, -87.588157998)",7264129.051022841
"(41.795191599, -87.588168999)",750376.0347719444
"(41.795191789, -87.588198334)",373515.3633056135
"(41.795215861, -87.584725186)",190903.08176462518
"(41.795234811, -87.583423097)",332140.0874451535
"(41.795247491, -87.582003729)",195849.34676643874
"(41.795404, -87.598141)",174087.481224026
"(41.795511377, -87.59135947)",1962982.3818598685
"(41.795512084, -87.591044078)",138860.84838345554
"(41.795526092, -87.589815387)",837202.1787716054
"(41.79568715, -87.601218707)",244233.63251794007
"(41.795763314, -87.591701287)",130522.12594838887
"(41.79576708, -87.58088648)",822857.3489741813
"(41.795813646, -87.582550874)",128246.36482544034
"(41.795923574, -87.596562245)",323261.59601575765
"(41.795937177, -87.582556767)",352009.91308445274
"(41.795953759, -87.596561899)",152340.07250166827
"(41.796030499, -87.582559345)",533964.4236266235
"(41.79603268, -87.607232784)",24115.750748390932
"(41.796139271, -87.598103702)",118081.67444901625
"(41.796167844, -87.596566782)",221562.18966145557
"(41.796256422, -87.589022145)",300527.4019720247
"(41.796274769, -87.582563829)",1004866.8813146603
"(41.796298503, -87.591709786)",102193.74371808226
"(41.79631327, -87.580898427)",5909103.731548588
"(41.796324132, -87.60385558)",79797.26671630652
"(41.796339429, -87.606268489)",916964.5487282148
"(41.796374566, -87.583978241)",695606.7584631799
"(41.796610604, -87.583982826)",70629.66751317788
"(41.796801369, -87.605977216)",210552.67707385952
"(41.796807255, -87.60560675)",698834.952067769
"(41.79691754, -87.58729085)",82927.86962868302
"(41.796947725, -87.5872905)",904860.0107467134
"(41.797038232, -87.587282115)",596839.8822728181
"(41.797063346, -87.589038479)",1482044.9157654056
"(41.797091678, -87.598125822)",56355.032018278005
"(41.797114167, -87.585454899)",65804.75391772666
"(41.797124755, -87.592595091)",99437.41499461376
"(41.797197052, -87.582175328)",13597.197495334458
"(41.79726658, -87.583997189)",93662.96028153294
"(41.797270835, -87.601255693)",436023.8763687101
"(41.797277334, -87.599693327)",102495.10400465367
"(41.797277431, -87.589043337)",293170.054286075
"(41.797295324, -87.585460127)",658323.449735068
"(41.797302054, -87.599696713)",670997.8154456666
"(41.797331228, -87.601258673)",927188.7553994793
"(41.797365637, -87.602783902)",447992.5202416952
"(41.797383158, -87.585462773)",2258789.045222937
"(41.797412858, -87.591737279)",222199.77836692898
"(41.797414808, -87.584002797)",4475152.47651053
"(41.797421806, -87.60126131)",910451.8228618721
"(41.797445323, -87.590390983)",151175.5112346668
"(41.797504321, -87.603878869)",349694.13090321346
"(41.79751872, -87.582685002)",242971.1084029623
"(41.797539825, -87.601263634)",4582.754702689054
"(41.797572754, -87.601263259)",2500989.533548554
"(41.797594499, -87.585467651)",6031.07042589792
"(41.797657574, -87.605109369)",303145.8612986919
"(41.797676337, -87.591741576)",1206467.8381557565
"(41.797693248, -87.605108965)",1797359.440346437
"(41.79771109, -87.589052989)",977603.0077056282
"(41.797712456, -87.605108748)",158913.71740380704
"(41.79778657, -87.605111576)",183105.33067327837
"(41.797936811, -87.606301777)",5811605.906512755
"(41.797978949, -87.597404207)",3103.578678451981
"(41.798050168, -87.591410868)",351210.89465959347
"(41.798083, -87.605119222)",594540.2459262542
"(41.79813157, -87.584922299)",101277.89701075904
"(41.79839359, -87.603898124)",1242355.1333591552
"(41.798414583, -87.593449415)",4307518.462504305
"(41.798462192, -87.603897346)",606144.2916601899
"(41.798628606, -87.605472453)",864882.2942887545
"(41.798638003, -87.604790205)",995946.9947133843
"(41.798740256, -87.599727986)",93068.79929095738
"(41.798743555, -87.590419997)",256959.69925233905
"(41.798827056, -87.601289325)",130546.5164646004
"(41.798828067, -87.599726984)",1295060.2906651024
"(41.798852734, -87.595010373)",2594261.386749709
"(41.798857241, -87.601288982)",156757.79043679923
"(41.798896639, -87.595009869)",785973.6210269151
"(41.798954417, -87.589078944)",1307341.430870206
"(41.798965317, -87.599732754)",270696.9418243247
"(41.798977312, -87.591770586)",742300.3978345115
"(41.798979286, -87.584039582)",795565.8213291629
"(41.798995502, -87.599732409)",582969.7514657928
"(41.799005468, -87.60129463)",329174.9220834654
"(41.799023412, -87.602820085)",1643927.4628338057
"(41.799030006, -87.585505972)",4584143.960155286
"(41.799046211, -87.581262542)",57369.29961144075
"(41.799047611, -87.595015471)",11004.703190033328
"(41.799067121, -87.584042227)",856238.4041273793
"(41.799070171, -87.590427227)",18798.389195344847
"(41.799090923, -87.596632321)",680537.1982568224
"(41.799126422, -87.603915485)",950722.9698258969
"(41.799137399, -87.603915361)",49521.76552984533
"(41.799150769, -87.585508235)",701483.0407187073
"(41.799157699, -87.584044839)",3325.4121410378743
"(41.799159351, -87.603915112)",585767.6757527066
"(41.799160725, -87.590426181)",876488.8019762044
"(41.799173072, -87.603914956)",621833.0904301291
"(41.799195024, -87.603914707)",1852140.1962291466
"(41.799197912, -87.587271736)",3409319.3815000225
"(41.799204348, -87.584044296)",2723095.958073504
"(41.799243582, -87.591782186)",664347.1343004231
"(41.799248277, -87.584047451)",1112129.8159460728
"(41.799275367, -87.582312425)",1335081.6352295242
"(41.799404889, -87.601099375)",3519692.278712604
"(41.799416231, -87.600296069)",30287.86820876565
"(41.799426654, -87.599349742)",137126.4021326243
"(41.799461294, -87.596187982)",37457.10546980228
"(41.799461412, -87.596206318)",1143839.891719849
"(41.799461623, -87.596239323)",272315.0178305552
"(41.799462885, -87.596008257)",6308487.556113215
"(41.799464028, -87.595758856)",198272.62470868079
"(41.799482041, -87.594291658)",126004.89928749346
"(41.799482301, -87.594331998)",194575.514841715
"(41.799483511, -87.594093598)",48988.580829798564
"(41.799485759, -87.594016555)",8102.23176086072
"(41.799487229, -87.593818494)",2226275.227508838
"(41.799488438, -87.593580094)",3079.8465916686932
"(41.799488698, -87.593620433)",365234.3536413007
"(41.799490663, -87.593499384)",6506331.772283041
"(41.799492391, -87.593341663)",1326142.1675095994
"(41.799504909, -87.592303622)",268020.1971795746
"(41.799507204, -87.592233914)",81850.22104621
"(41.799510908, -87.607861001)",53962.013202368864
"(41.799515859, -87.591448973)",1616923.2108110678
"(41.799518433, -87.590997844)",1201841.4553466043
"(41.799518741, -87.591045517)",2402618.9746192633
"(41.799520608, -87.590909799)",919374.4863176933
"(41.799531452, -87.590040481)",1075518.5632726348
"(41.799531571, -87.590058817)",462213.8515802736
"(41.799533271, -87.589897429)",521841.42099376465
"(41.799533674, -87.589959771)",1328934.8529884536
"(41.799543, -87.590462)",135549.89306247266
"(41.799544997, -87.588742037)",1913053.9645896652
"(41.799545283, -87.588786043)",26708.703091555184
"(41.799545853, -87.588874056)",1722055.6682042426
"(41.799547456, -87.588697998)",1149002.2933383258
"(41.799551527, -87.588056142)",1923377.679986694
"(41.799551883, -87.58811115)",1223507.4764661577
"(41.799553224, -87.587894753)",2494552.4984390927
"(41.799562177, -87.587582914)",1649310.2092918132
"(41.799570347, -87.586728296)",846856.0996759096
"(41.799812583, -87.603929709)",779202.1037679054
"(41.799879383, -87.589101248)",1353189.4750914716
"(41.799895847, -87.589101058)",588032.701613238
"(41.800004692, -87.603931198)",383499.2146082016
"(41.800023923, -87.603934647)",161403.43946356894
"(41.800100758, -87.603933776)",214287.4891824339
"(41.800175766, -87.589101486)",813218.257045696
"(41.80018988, -87.602843512)",222323.62035417208
"(41.800206942, -87.591800419)",955330.7734742258
"(41.800267168, -87.593054017)",122621.14457363976
"(41.800271134, -87.596659146)",353094.0600791089
"(41.800278263, -87.593072227)",9563.945091566064
"(41.800300887, -87.5885059)",519387.0823589293
"(41.800347992, -87.596661933)",403912.9029552316
"(41.800395232, -87.587397213)",54316.19098003212
"(41.800439208, -87.587407706)",1559625.6227525729
"(41.800447956, -87.605455532)",651644.4274970435
"(41.800452291, -87.596664406)",1319361.861649091
"(41.800455673, -87.587407515)",1508051.4181854199
"(41.800466011, -87.596664249)",96079.85432105763
"(41.800475468, -87.590462341)",170258.17017881517
"(41.800483161, -87.587414531)",4355416.941847227
"(41.800489031, -87.60284745)",683694.6822662912
"(41.800489652, -87.591808162)",433784.04259065073
"(41.800491933, -87.590462151)",1832014.012523328
"(41.800499625, -87.58741434)",1485187.4562895899
"(41.800505653, -87.590461992)",53463.410360988244
"(41.800513369, -87.587417848)",927880.1921812363
"(41.800524282, -87.599766318)",105213.41558548261
"(41.800542869, -87.596667036)",773981.2164397805
"(41.800550046, -87.591811133)",416442.27105478395
"(41.80061868, -87.585887262)",1437748.0167676213
"(41.80062644, -87.590467932)",4040358.660823249
"(41.800633823, -87.584420069)",271822.0259529979
"(41.80066446, -87.587441769)",3670150.7316725454
"(41.800702642, -87.595051485)",407025.75690041203
"(41.800709473, -87.585922883)",2536203.6562299877
"(41.800795006, -87.60133661)",2503949.374220083
"(41.80085882, -87.602307786)",644077.0980782163
"(41.800873275, -87.601130336)",76081.26278748675
"(41.800897971, -87.58452702)",31682.020954659693
"(41.800903483, -87.584530624)",2241230.0206031157
"(41.800913988, -87.597623686)",3990.425863565979
"(41.80092431, -87.59623723)",3644.492767439005
"(41.800925995, -87.596072171)",131915.47712802244
"(41.800938808, -87.589121997)",3043870.2939830143
"(41.800949697, -87.594208778)",1516470.0682276024
"(41.800951662, -87.594087726)",1344769.0787799358
"(41.800966696, -87.59258752)",394615.2782537077
"(41.80096724, -87.592671868)",254148.54912212753
"(41.800995292, -87.581360781)",315263.33884982683
"(41.800997001, -87.590056552)",361646.39992259163
"(41.800999199, -87.589972173)",283002.6443098386
"(41.801261714, -87.603953618)",2254478.6799119767
"(41.801307936, -87.584690956)",3325062.915794606
"(41.801393849, -87.605749237)",46067.67337663508
"(41.801518605, -87.60638232)",4938.678749705497
"(41.801611593, -87.602871376)",595986.5863611783
"(41.801709383, -87.596697686)",2551022.4407062833
"(41.801746076, -87.602873516)",350258.83433371666
"(41.801762662, -87.593458578)",143869.1488883564
"(41.801768597, -87.598230068)",557623.1957244456
"(41.801776382, -87.593458421)",157216.5439840878
"(41.801809396, -87.590494612)",342807.13084796263
"(41.801816996, -87.595079037)",1007370.8311755456
"(41.80182586, -87.590494422)",1249747.8930973979
"(41.801826246, -87.598233077)",703272.9095509768
"(41.801835198, -87.601354112)",173070.69442261607
"(41.80184763, -87.60287603)",6425.412398684172
"(41.801888471, -87.589144017)",963652.6343904561
"(41.801895518, -87.58769156)",5483129.6066800235
"(41.801921744, -87.602878856)",411788.0338180805
"(41.801927878, -87.591842926)",1833843.3871212923
"(41.801945421, -87.596702318)",47810.73646476643
"(41.801948735, -87.595081193)",58595.00893316969
"(41.801970716, -87.599797499)",29966.926803545553
"(41.801974064, -87.590496378)",18505.18770821042
"(41.801983471, -87.587712546)",3975999.5030289185
"(41.802005791, -87.596701626)",1514810.396657927
"(41.80207786, -87.589149161)",161769.01093307752
"(41.802101704, -87.587747851)",3458640.4978184514
"(41.802107833, -87.615420032)",148568.6746187765
"(41.802111489, -87.606401292)",1891469.1020539848
"(41.802115448, -87.58775136)",1784367.6830240577
"(41.802132606, -87.613677631)",7359082.046318507
"(41.802137533, -87.58650411)",3781586.62025598
"(41.802142189, -87.61301735)",20199.469763918696
"(41.80215809, -87.612052585)",2975149.5851465194
"(41.802158343, -87.612092926)",1312548.1762793069
"(41.802195166, -87.609657204)",5298.925529055203
"(41.802195281, -87.609675541)",503170.50946120144
"(41.802229911, -87.6073352)",2395.165868392554
"(41.802230676, -87.607456223)",3751.415981112809
"(41.802232145, -87.607254487)",44968.55426932799
"(41.802240107, -87.606777604)",775238.3013551336
"(41.80226856, -87.605636648)",1979955.1180148867
"(41.802296431, -87.603109329)",530802.9890405854
"(41.802321291, -87.600549034)",1300439.5159570375
"(41.802323778, -87.600508662)",440789.4454335199
"(41.802345252, -87.598714941)",67556.14756949365
"(41.802355991, -87.597819914)",117080.20328865462
"(41.802356014, -87.597823581)",696.6755898167877
"(41.802357067, -87.597559499)",12927.660648907966
"(41.80235749, -87.597625511)",439240.56177198817
"(41.802370227, -87.59618765)",743054.5571761508
"(41.802374656, -87.596022555)",33655.13355954679
"(41.8023908, -87.594691016)",289901.123939034
"(41.802409983, -87.592981673)",87642.02394335675
"(41.802413509, -87.592677218)",417784.52238531236
"(41.80241429, -87.592372795)",1004301.3476905304
"(41.802415236, -87.592519489)",2946955.866047972
"(41.802419885, -87.610043446)",2610.9303292920085
"(41.802425216, -87.59151444)",369786.1049061295
"(41.80243115, -87.59115861)",228345.21512177653
"(41.802444518, -87.589830768)",27944.431991540037
"(41.802445159, -87.589929787)",153520.17842864958
"(41.802499513, -87.586041451)",1390232.08492251
"(41.802519476, -87.584471465)",201363.6359732632
"(41.802685157, -87.612516134)",1202770.3847603933
"(41.802728081, -87.614987659)",18453.08590127967
"(41.802748279, -87.606419768)",355127.8627008603
"(41.802754367, -87.611301361)",535560.456560691
"(41.802761999, -87.606419613)",201643.0390697709
"(41.802785226, -87.596711037)",633699.9926427668
"(41.802790428, -87.610053949)",1336677.0956162629
"(41.80280044, -87.606422846)",401533.5680204835
"(41.802804149, -87.610053795)",4547401.279242497
"(41.802806505, -87.611300776)",894663.0573283053
"(41.80286141, -87.611303827)",14256.485744573467
"(41.802869042, -87.60642207)",1165425.1836660262
"(41.802882762, -87.606421915)",775176.8097720088
"(41.802889407, -87.607907248)",605597.5375884478
"(41.802896506, -87.606425428)",6593321.006389343
"(41.802934923, -87.606424993)",314855.1984864139
"(41.8030215, -87.615391494)",227161.41626452378
"(41.803054481, -87.613645309)",78108.28072339066
"(41.803056534, -87.586453094)",4859082.275337438
"(41.803060829, -87.585426093)",2551043.6249574525
"(41.803098231, -87.610996751)",697155.6993794446
"(41.803106116, -87.610505192)",259357.69923000975
"(41.803117224, -87.609654164)",1290070.1685378945
"(41.803123746, -87.609382682)",190053.6505474554
"(41.803132058, -87.603756357)",370641.0039502903
"(41.80313715, -87.608461942)",257355.2149471496
"(41.803137381, -87.608498616)",365238.7622557334
"(41.803140971, -87.608197825)",1139624.7410296863
"(41.803141434, -87.608271173)",292507.1303612974
"(41.803143229, -87.608120778)",1693078.3322039836
"(41.803192292, -87.601577066)",114788.52534996241
"(41.803335167, -87.603761388)",1939532.303263434
"(41.803382521, -87.591870167)",263237.76659592846
"(41.80341073, -87.610068979)",196249.4142125141
"(41.803412024, -87.603764184)",1283117.4114219183
"(41.803413431, -87.586052837)",2405422.5384973665
"(41.803417249, -87.585796054)",2591238.3368530683
"(41.803443682, -87.610072277)",12419.009601904982
"(41.803474876, -87.583690122)",5684525.04765741
"(41.803475819, -87.591869092)",292717.4556225722
"(41.803486138, -87.603767011)",1069641.5653329464
"(41.803492087, -87.606437034)",10652.243054356784
"(41.803520976, -87.581925417)",5434640.888295731
"(41.803579912, -87.612535447)",988732.7266049286
"(41.803615133, -87.603769215)",1226789.7185385958
"(41.803640113, -87.604245735)",497061.257697541
"(41.803641164, -87.58646831)",177553.85451744136
"(41.803653573, -87.603772447)",1608034.5280392172
"(41.803667488, -87.590528166)",6895695.188398129
"(41.803724608, -87.588330542)",132874.8946870757
"(41.803741602, -87.590530977)",298406.91568467644
"(41.803754843, -87.583697861)",2493239.7905507362
"(41.803778391, -87.586470384)",591013.984182235
"(41.803794203, -87.591876424)",150466.46862254557
"(41.803796407, -87.585443213)",96827.31485894867
"(41.803799227, -87.590530312)",723469.258931953
"(41.803807415, -87.58208345)",2118906.171230012
"(41.803851632, -87.606443973)",2162145.060018705
"(41.803853936, -87.58838406)",4361.43653269918
"(41.803896788, -87.596731315)",529697.1425021634
"(41.803947663, -87.614728298)",373074.7022539185
"(41.803949443, -87.614574233)",1773.5226060293246
"(41.804028098, -87.60961824)",704166.570049305
"(41.804028444, -87.609673252)",135256.806084804
"(41.804049749, -87.6082646)",149587.46533583762
"(41.80405203, -87.60819122)",99679.23035897859
"(41.80405548, -87.60786842)",706764.446299498
"(41.804055642, -87.607894092)",71090.99752344654
"(41.804084538, -87.605520738)",1899229.5803142195
"(41.804113361, -87.603143715)",678.9266226206007
"(41.804115983, -87.586477467)",2473172.3215734973
"(41.804133951, -87.585442955)",465970.90715257614
"(41.804206983, -87.594182345)",1457143.944982782
"(41.804379051, -87.584732228)",3145449.2077519475
"(41.804865977, -87.608886257)",832700.6685348887
"(41.804885185, -87.60888604)",293703.38212295395
"(41.804902837, -87.612564633)",1294994.8771327746
"(41.804919255, -87.613870182)",12829.411527267137
"(41.80492302, -87.610099652)",86871.57563021
"(41.804996145, -87.606467715)",2165590.449452516
"(41.805013233, -87.611353023)",213044.94696923502
"(41.805070858, -87.611352376)",540147.4194862476
"(41.805078225, -87.590555884)",108541.49007159991
"(41.80508244, -87.596750744)",291680.34339098603
"(41.805086644, -87.613868309)",214932.320611618
"(41.805087346, -87.611355859)",664696.2164068591
"(41.805126734, -87.608894322)",3578713.60638688
"(41.805145582, -87.585709942)",148366.13600117486
"(41.805163581, -87.606473158)",1762247.2883442817
"(41.805211965, -87.585789862)",2653434.811621909
"(41.805263266, -87.586504488)",412668.49710047717
"(41.805288292, -87.596755722)",21722.04487568709
"(41.805293563, -87.610110156)",617948.4140582127
"(41.805312772, -87.61010994)",421888.9137946977
"(41.805320214, -87.591906511)",141307.02821885396
"(41.805320892, -87.586503819)",315194.2323872274
"(41.805322323, -87.603808532)",6488462.913676181
"(41.805328146, -87.613869275)",599656.7578763189
"(41.805413513, -87.591905435)",188091.93163441366
"(41.805417287, -87.596757912)",86078.76934386934
"(41.805434202, -87.584518215)",1501457.1615794408
"(41.805440779, -87.60647736)",922500.909634569
"(41.805470526, -87.603810519)",4111730.922222022
"(41.805563388, -87.595149731)",370422.26224328054
"(41.805577741, -87.590564785)",614861.3819975661
"(41.805600157, -87.591910619)",782520.4163220647
"(41.805679494, -87.58425861)",3428505.4997465042
"(41.805769736, -87.614707937)",4235.934158202271
"(41.805869465, -87.585195364)",1520398.4872154477
"(41.805897694, -87.606259461)",773339.2763746073
"(41.805899487, -87.606109059)",7989.182290767589
"(41.805909748, -87.605129628)",2017379.702796407
"(41.805910003, -87.605169971)",376591.05892914755
"(41.805910561, -87.605257993)",2286773.555527501
"(41.805912213, -87.605085586)",1730016.2231285644
"(41.806045619, -87.59289947)",27417.23041108039
"(41.806268474, -87.587050329)",183317.1445576084
"(41.806305063, -87.613862013)",297087.22271890705
"(41.806318784, -87.613861859)",247016.15528170616
"(41.806370921, -87.613861276)",1310064.8094948959
"(41.806629257, -87.612607636)",313319.82694184437
"(41.806669078, -87.615460807)",578331.889082696
"(41.80667319, -87.615240688)",388031.5851459466
"(41.806686883, -87.61260699)",345892.33075715665
"(41.806722579, -87.612610258)",55178.79078576682
"(41.806758216, -87.606506483)",566968.3132269024
"(41.806760996, -87.612609827)",78790.9575310156
"(41.806778047, -87.611391895)",251489.89697297092
"(41.806856848, -87.604315633)",1602195.4327327025
"(41.806890268, -87.589834384)",5439464.28464076
"(41.806895289, -87.604318865)",461445.00639964774
"(41.806910734, -87.608929243)",89121.57212335759
"(41.806922487, -87.593549596)",365670.97823432705
"(41.806945847, -87.610146591)",464624.41897181375
"(41.806965639, -87.608932292)",108040.68292300298
"(41.806999742, -87.606511089)",4388318.001947233
"(41.807039169, -87.61014921)",66757.9307108948
"(41.807058938, -87.608931241)",15077.547241595788
"(41.807067906, -87.603843747)",10988598.521511033
"(41.807077586, -87.610148778)",429157.34488046786
"(41.807101267, -87.586402447)",7580348.8588129785
"(41.807111738, -87.607731238)",148342.7188154225
"(41.807113842, -87.60893429)",373013.98360968765
"(41.807127745, -87.595168452)",200180.89632856887
"(41.807175231, -87.604323027)",696637.4581646824
"(41.807191696, -87.60432284)",2253708.403363028
"(41.807210904, -87.604322622)",3011268.3326076297
"(41.807226373, -87.608936691)",292472.74889419647
"(41.807260476, -87.606515478)",1303366.2633929555
"(41.807378046, -87.613857343)",2170459.6782112247
"(41.807499342, -87.590234482)",5448496.819928998
"(41.807580274, -87.61547631)",124910.01703042028
"(41.80758603, -87.615080108)",1055151.7951792087
"(41.807628569, -87.612233309)",124645.44290973134
"(41.807704005, -87.607218378)",80894.09563429799
"(41.807723603, -87.60597839)",276193.82559235033
"(41.807763621, -87.602339331)",132794.33727789816
"(41.807865837, -87.593017893)",13548.90312814096
"(41.807867162, -87.5927978)",148510.70420172447
"(41.808396756, -87.606539314)",15448.414773896762
"(41.808448953, -87.612645927)",399456.5667027658
"(41.808486725, -87.613855942)",969356.1218621185
"(41.808505369, -87.608962629)",215352.1695679071
"(41.808551607, -87.596813708)",1138020.2916498838
"(41.808561483, -87.612648334)",87273.47522773786
"(41.808598131, -87.610183028)",607862.4489395135
"(41.808636571, -87.610186264)",361446.9530605661
"(41.808690501, -87.612654224)",103267.4417239858
"(41.808691087, -87.61143644)",24912.22133763659
"(41.808725426, -87.601682827)",209190.8159973159
"(41.808744635, -87.601682609)",61989.785183104934
"(41.808747436, -87.613856692)",2908219.603963287
"(41.808756241, -87.592787561)",22410.733430265598
"(41.808761115, -87.592692136)",603138.7617118134
"(41.808771157, -87.596814861)",585734.6970265614
"(41.808783323, -87.607782067)",1542.0989756842014
"(41.808785334, -87.608970479)",228549.414126632
"(41.808804086, -87.596814484)",1234685.4611052854
"(41.80881783, -87.596817994)",71114.04255343512
"(41.808827515, -87.604359314)",85721.61432009574
"(41.808857913, -87.612656016)",434213.25269576756
"(41.808859424, -87.608969645)",53928.54781099411
"(41.808863188, -87.604358909)",693614.9808153703
"(41.80887363, -87.601684809)",2463456.708694503
"(41.808895121, -87.608972911)",555966.6731650787
"(41.808896916, -87.611437797)",218706.953386918
"(41.808897305, -87.610190667)",663319.669491329
"(41.808928535, -87.601687852)",605784.6746829018
"(41.808932612, -87.611441064)",314023.4303543409
"(41.80895651, -87.604361519)",603294.7236042083
"(41.808966952, -87.601687415)",3973693.9408175005
"(41.808969729, -87.613857873)",1548873.1839156568
"(41.808981361, -87.606551046)",21765457.074552245
"(41.80898616, -87.601687196)",695001.261035492
"(41.808992183, -87.604361115)",498537.6282398664
"(41.809014313, -87.606554341)",3665068.7443264136
"(41.809055014, -87.603883559)",188004.73267622074
"(41.809104714, -87.604363507)",1629960.3425092632
"(41.809134387, -87.601692846)",1221236.2098397412
"(41.809209166, -87.606555807)",1260671.5235856578
